{
  "checkpoint": "batch_verification_005",
  "timestamp": "2026-01-04T09:39:55.808057",
  "data": {
    "passed": true,
    "results": {
      "Foundation": {
        "passed": true,
        "errors": [],
        "actual": {
          "width": 8.5,
          "depth": 15.0,
          "height": 0.2800000011920929
        },
        "expected": {
          "width": 8.5,
          "depth": 15.0,
          "height": 0.28
        },
        "error_pct": {
          "width": 0.0,
          "depth": 0.0,
          "height": 4.257474531651642e-07
        }
      },
      "Wall_Front": {
        "passed": true,
        "errors": [],
        "actual": {
          "width": 8.5,
          "depth": 0.18000030517578125,
          "height": 3.749999761581421
        },
        "expected": {
          "width": 8.5,
          "depth": 0.18,
          "height": 3.75
        },
        "error_pct": {
          "width": 0.0,
          "depth": 0.00016954210069814517,
          "height": 6.357828776041667e-06
        }
      },
      "Wall_Rear": {
        "passed": true,
        "errors": [],
        "actual": {
          "width": 8.5,
          "depth": 0.18000030517578125,
          "height": 3.749999761581421
        },
        "expected": {
          "width": 8.5,
          "depth": 0.18,
          "height": 3.75
        },
        "error_pct": {
          "width": 0.0,
          "depth": 0.00016954210069814517,
          "height": 6.357828776041667e-06
        }
      },
      "Wall_Left": {
        "passed": true,
        "errors": [],
        "actual": {
          "width": 0.18000030517578125,
          "depth": 15.0,
          "height": 3.749999761581421
        },
        "expected": {
          "width": 0.18,
          "depth": 15.0,
          "height": 3.75
        },
        "error_pct": {
          "width": 0.00016954210069814517,
          "depth": 0.0,
          "height": 6.357828776041667e-06
        }
      },
      "Wall_Right": {
        "passed": true,
        "errors": [],
        "actual": {
          "width": 0.18000030517578125,
          "depth": 15.0,
          "height": 3.749999761581421
        },
        "expected": {
          "width": 0.18,
          "depth": 15.0,
          "height": 3.75
        },
        "error_pct": {
          "width": 0.00016954210069814517,
          "depth": 0.0,
          "height": 6.357828776041667e-06
        }
      },
      "Roof": {
        "passed": true,
        "errors": [],
        "actual": {
          "width": 8.5,
          "depth": 15.0,
          "height": 0.19999980926513672
        },
        "expected": {
          "width": 8.5,
          "depth": 15.0,
          "height": 0.2
        },
        "error_pct": {
          "width": 0.0,
          "depth": 0.0,
          "height": 9.536743164617612e-05
        }
      },
      "Canopy_Roof": {
        "passed": true,
        "errors": [],
        "actual": {
          "width": 8.5,
          "depth": 2.5,
          "height": 0.34999990463256836
        },
        "expected": {
          "width": 8.5,
          "depth": 2.5,
          "height": 0.35
        },
        "error_pct": {
          "width": 0.0,
          "depth": 0.0,
          "height": 2.7247837605263013e-05
        }
      },
      "Chimney": {
        "passed": true,
        "errors": [],
        "actual": {
          "width": 0.7999999523162842,
          "depth": 0.7999992370605469,
          "height": 1.5
        },
        "expected": {
          "width": 0.8,
          "depth": 0.8,
          "height": 1.5
        },
        "error_pct": {
          "width": 5.960464483090178e-06,
          "depth": 9.536743164617612e-05,
          "height": 0.0
        }
      }
    },
    "critical_failures": [],
    "major_failures": []
  }
}